{"cameraMode":{"drawMode":0,"name":"Shaded","section":"Shading Mode"},"sceneLighting":false,"audioPlay":false,"sceneViewState":{"m_AlwaysRefresh":false,"showFog":true,"showSkybox":true,"showFlares":true,"showImageEffects":true,"showParticleSystems":true,"showVisualEffectGraphs":true,"m_FxEnabled":true},"in2DMode":false,"pivot":{"x":0.4065963923931122,"y":-0.5520596504211426,"z":-199.46458435058595},"rotation":{"x":-0.0058395154774188999,"y":-0.9680838584899902,"z":0.24957586824893952,"w":-0.022651532664895059},"size":12.417075157165528,"orthographic":false}