{"cameraMode":{"drawMode":0,"name":"Shaded","section":"Shading Mode"},"sceneLighting":false,"audioPlay":false,"sceneViewState":{"m_AlwaysRefresh":false,"showFog":true,"showSkybox":true,"showFlares":true,"showImageEffects":true,"showParticleSystems":true,"showVisualEffectGraphs":true,"m_FxEnabled":true},"in2DMode":false,"pivot":{"x":0.006740570068359375,"y":0.681513786315918,"z":-200.00062561035157},"rotation":{"x":0.0018442749278619886,"y":-0.7280002236366272,"z":-0.0019586614798754455,"w":-0.6855737566947937},"size":2.983144521713257,"orthographic":false}