{"cameraMode":{"drawMode":0,"name":"Shaded","section":"Shading Mode"},"sceneLighting":false,"audioPlay":false,"sceneViewState":{"m_AlwaysRefresh":false,"showFog":true,"showSkybox":true,"showFlares":true,"showImageEffects":true,"showParticleSystems":true,"showVisualEffectGraphs":true,"m_FxEnabled":true},"in2DMode":false,"pivot":{"x":409.9017639160156,"y":225.2024383544922,"z":-102.72396850585938},"rotation":{"x":0.05428274720907211,"y":0.00811208039522171,"z":-0.0004384645144455135,"w":0.9985127449035645},"size":161.32254028320313,"orthographic":false}