{"cameraMode":{"drawMode":0,"name":"Shaded","section":"Shading Mode"},"sceneLighting":false,"audioPlay":false,"sceneViewState":{"m_AlwaysRefresh":false,"showFog":true,"showSkybox":true,"showFlares":true,"showImageEffects":true,"showParticleSystems":true,"showVisualEffectGraphs":true,"m_FxEnabled":true},"in2DMode":false,"pivot":{"x":0.46249866485595705,"y":-0.2882636785507202,"z":-199.13925170898438},"rotation":{"x":-0.06259529292583466,"y":0.6935570240020752,"z":-0.0607086606323719,"w":-0.7151116132736206},"size":2.8696165084838869,"orthographic":false}