{"cameraMode":{"drawMode":0,"name":"Shaded","section":"Shading Mode"},"sceneLighting":false,"audioPlay":false,"sceneViewState":{"m_AlwaysRefresh":false,"showFog":true,"showSkybox":true,"showFlares":true,"showImageEffects":true,"showParticleSystems":true,"showVisualEffectGraphs":true,"m_FxEnabled":true},"in2DMode":false,"pivot":{"x":374.4206237792969,"y":162.07989501953126,"z":4.471984386444092},"rotation":{"x":-0.018308639526367189,"y":-0.0009025717154145241,"z":0.000016547915947739966,"w":-0.999833345413208},"size":262.8600158691406,"orthographic":false}