{"cameraMode":{"drawMode":0,"name":"Shaded","section":"Shading Mode"},"sceneLighting":false,"audioPlay":false,"sceneViewState":{"m_AlwaysRefresh":false,"showFog":true,"showSkybox":true,"showFlares":true,"showImageEffects":true,"showParticleSystems":true,"showVisualEffectGraphs":true,"m_FxEnabled":true},"in2DMode":false,"pivot":{"x":1.138043999671936,"y":0.5878556966781616,"z":-203.01022338867188},"rotation":{"x":-0.012729168869554997,"y":-0.9872618317604065,"z":0.11484840512275696,"w":-0.10943309962749481},"size":7.822490692138672,"orthographic":false}