{"cameraMode":{"drawMode":0,"name":"Shaded","section":"Shading Mode"},"sceneLighting":true,"audioPlay":false,"sceneViewState":{"m_AlwaysRefresh":false,"showFog":true,"showSkybox":true,"showFlares":true,"showImageEffects":true,"showParticleSystems":true,"showVisualEffectGraphs":true,"m_FxEnabled":false},"in2DMode":false,"pivot":{"x":411.2625427246094,"y":203.26235961914063,"z":-5.083740234375},"rotation":{"x":-0.02339562587440014,"y":-0.009588747285306454,"z":0.00022682880808133632,"w":-0.9996886253356934},"size":194.7239532470703,"orthographic":false}