{"cameraMode":{"drawMode":0,"name":"Shaded","section":"Shading Mode"},"sceneLighting":false,"audioPlay":false,"sceneViewState":{"m_AlwaysRefresh":false,"showFog":true,"showSkybox":false,"showFlares":true,"showImageEffects":true,"showParticleSystems":true,"showVisualEffectGraphs":true,"m_FxEnabled":true},"in2DMode":false,"pivot":{"x":-0.5900001525878906,"y":3.309999942779541,"z":-0.339996337890625},"rotation":{"x":0.017270008102059366,"y":0.9826478958129883,"z":-0.12328516691923142,"w":0.13764724135398866},"size":19.17011070251465,"orthographic":false}